user_input,retrieved_contexts,response,reference,faithfulness,answer_relevancy,context_precision,context_recall
Who prepared these digital notes on Machine Learning?,"['Learning, Springer2009 \n2. Christopher Bishop, Pattern Recognition and Machine Learning, Springer,2007. \n3. Machine Learning Yearning, Andrew Ng. \n4. Data Mining–Concepts and Techniques -Jiawei Han and Micheline Kamber,Morgan \nKaufmann', 'KFold, Leave-One-Out Cross Validation. Bias-Variance tradeoff, Regularization , Overfitting, \nUnderfitting. Ensemble Methods: Boosting, Bagging, Random Forest. \nUNIT – V \nUnsupervised Learning : Clustering-K-means, K-Modes, K-Prototypes, Gaussian Mixture \nModels, Expectation-Maximization. \nReinforcement Learning: Exploration and exploitation trade-offs, non-associative learning, \nMarkov decision processes, Q-learning. \nTEXT BOOKS: \n1. Machine Learning –Saikat Dutt, Subramanian Chandramouli, Amit Kumar Das, \nPearson . \n2. Foundations of Machine Learning, Mehryar Mohri, Afshin Rostamizadeh, Ameet \nTalwalkar, MIT Press. \n3. Kevin Murphy, Machine Learning: A Probabilistic Perspective, MIT Press,2012 \nREFERENCE BOOKS: \n1. Trevor Hastie, Robert Tibshirani, Jerome Friedman, The Elements of Statistical \nLearning, Springer2009 \n2. Christopher Bishop, Pattern Recognition and Machine Learning, Springer,2007. \n3. Machine Learning Yearning, Andrew Ng.', 'DEPARTMENT OF CSE AY:2023-24 \nMACHINE LEARNING 1 \n \n \n \n \n \n \nUNIT-1 \nIntroduction: Introduction to Machine learning , Supervised learning, Unsupervised learning, \nReinforcementlearning. Deep learning. \nFeature Selection: Filter, Wrapper , Embedded methods. \nFeature Normalization:- min-max normalization, z -score normalization, and constant factor normalization  \nIntroduction to  Dimensionality Reduction :  Principal Component  Analysis(PCA), Linear Discriminant \nAnalysis(LDA) \n \nWhat is Machine Learning? \nMachine Learning is a concept which allows the machine to learn from examples and experience, and  \nthat too without being explicitly programmed. So instead of you writing the code, what you do is you  \nfeed data to the generic algorithm, and the algorithm/  machine builds the logic  based on the given  \ndata. \n \nHow does Machine Learning Work? \n \nMachine Learning algorithm is trained using a training data set to create a model.   When new input', 'DEPARTMENT OF CSE AY:2023-24 \nMACHINE LEARNING 3 \n \n \n \nClassification of Machine Learning Algorithms Machine Learning algorithms can be classified into: \n \n1. Supervised Algorithms – Linear Regression, Logistic Regression, Support Vector Machine (SVM), \nDecisionTrees, Random Forest \n2. Unsupervised Algorithms – K Means Clustering. \n3. Reinforcement Algorithm \n \n1. Supervised Machine Learning Algorithms \nIn this type of algorithm, the data set on which the machine is trained consists of labelled data or simply  \nsaid, consists both the input parameters as well as the required output. For example, classifying whether a  \nperson is a male or a female. Here male and female will be our labels and our training dataset will already  \nbe classified into the \n \n \ngiven labels based on  certain parameters  through which the  machine will learn these features and \npatterns andclassify some new input data based on the learning from this training data.', 'the ideal behaviour within a specific context, in order to maximize its rewards. It works on the rewards \nand punishment principle which means that for any decision which a machine takes, it will be either be \nrewarded or punished due to which it w ill understand whether or not the decision was correct. This is  \nhow the machine will learn to take the correct decisions to maximize the reward in the long run. \nFor reinforcement algorithm, a machine can be adjusted and programmed to focus more on either the \nlong-term rewards or the short -term rewards. When the machine is in a particular state and has to  be \nthe action for the next state in order to achieve the reward, this process is called the Markov Decision  \nProcess. \n \nWhat is Normalization in Machine Learning? \n \nNormalization is a scaling technique in Machine Learning applied during data preparation to change  \nthe values of numeric columns in the dataset to use a common scale. It is not necessary for all datasets', 'of features, the harder it gets to visualize the training set and then work on it. Sometimes,  most of \nthese features are correlated, and hence redundant. This is where dimensionality reduction algorithms  \ncome into play. Dimensionality reduction is the process of reducing the number of random variables  \nunder consideration, by obtaining a set of principal  variables. It can be divided into feature selection  \nand feature extraction. \n \nWhy is Dimensionality Reduction important in Machine Learning and Predictive Modeling? \nAn intuitive example of dimensionality reduction can be discussed through a simple e -mail classification \nproblem, where we need to classify whether the e -mail is spam or not. This can involve a large number of  \nfeatures, such as whether or not the e -mail has a generic title, the content of the e -mail, whether the e -mail \nuses a template, etc. How ever, some of these features may overlap. In another condition, a classification']",Padmaja.,Padmaja,,0.4039892756404719,,
What is the course code for this Machine Learning subject?,"['DEPARTMENT OF CSE AY:2023-24 \nMACHINE LEARNING 83', 'MALLA REDDY COLLEGE OF ENGINEERING AND TECHNOLOGY \nIII Year B.Tech. CSE- II Sem L/T/P/C \n3 -/-/3 \n(R20A0518) MACHINE LEARNING \nUNIT – I \nIntroduction: Introduction to Machine learning, Supervised learning, Unsupervised learning, \nReinforcement learning. Deep learning. \nFeature Selection: Filter, Wrapper, Embedded methods. \nFeature Normalization:- min-max normalization, z-score normalization, and constant factor \nnormalization \nIntroduction to Dimensionality Reduction: Principal Component Analysis (PCA), Linear \nDiscriminant Analysis (LDA) \nUNIT – II \nSupervised Learning – I (Regression/Classification) \nRegression models: Simple Linear Regression, multiple linear Regression. Cost Function, \nGradient Descent, Performance Metrics: Mean Absolute Error(MAE),Mean Squared \nError(MSE) R-Squared error, Adjusted R Square. \nClassification models: Decision Trees-ID3, CART, Naive Bayes, K-Nearest-Neighbours (KNN), \nLogistic Regression, Multinomial Logistic Regression', 'data. \n \nHow does Machine Learning Work? \n \nMachine Learning algorithm is trained using a training data set to create a model.   When new input \ndata is introduced to the ML algorithm, it makes a prediction on the basis of t he model.The prediction \nis evaluated for accuracy and if the accuracy is acceptable, the Machine Learning algorithm is \ndeployed. If the accuracy is not acceptable, the Machine Learning algorithm is  trained again and \nagain with an augmented raining data set \nTypes of Machine Learning \nMachine learning is sub-categorized to three types: \n \n\uf0b7 Supervised Learning – Train Me!\uf020\n\uf0b7 Unsupervised Learning – I amself sufficient in learning\uf020\n\uf0b7 Reinforcement Learning – My life My rules! (Hit & Trial)\uf020', 'DEPARTMENT OF CSE AY:2023-24 \nMACHINE LEARNING 1 \n \n \n \n \n \n \nUNIT-1 \nIntroduction: Introduction to Machine learning , Supervised learning, Unsupervised learning, \nReinforcementlearning. Deep learning. \nFeature Selection: Filter, Wrapper , Embedded methods. \nFeature Normalization:- min-max normalization, z -score normalization, and constant factor normalization  \nIntroduction to  Dimensionality Reduction :  Principal Component  Analysis(PCA), Linear Discriminant \nAnalysis(LDA) \n \nWhat is Machine Learning? \nMachine Learning is a concept which allows the machine to learn from examples and experience, and  \nthat too without being explicitly programmed. So instead of you writing the code, what you do is you  \nfeed data to the generic algorithm, and the algorithm/  machine builds the logic  based on the given  \ndata. \n \nHow does Machine Learning Work? \n \nMachine Learning algorithm is trained using a training data set to create a model.   When new input', 'the ideal behaviour within a specific context, in order to maximize its rewards. It works on the rewards \nand punishment principle which means that for any decision which a machine takes, it will be either be \nrewarded or punished due to which it w ill understand whether or not the decision was correct. This is  \nhow the machine will learn to take the correct decisions to maximize the reward in the long run. \nFor reinforcement algorithm, a machine can be adjusted and programmed to focus more on either the \nlong-term rewards or the short -term rewards. When the machine is in a particular state and has to  be \nthe action for the next state in order to achieve the reward, this process is called the Markov Decision  \nProcess. \n \nWhat is Normalization in Machine Learning? \n \nNormalization is a scaling technique in Machine Learning applied during data preparation to change  \nthe values of numeric columns in the dataset to use a common scale. It is not necessary for all datasets', 'DEPARTMENT OF CSE AY:2023-24 \nMACHINE LEARNING 4 \n \n \n \nblue etc. The graph of logistic regression consists of a non-linear sigmoid function which demonstrates the \nprobabilities of the variables. \n2. Unsupervised Machine Learning Algorithms \nUnlike supervised learning algorithms, where we deal with labelled data for training, the training data will be \nunlabelled for Unsupervised Machine Learning Algorithms. The clustering of data into a specific group will  \nbe doneon the basis of the similarities between the variables. Some of the unsupervised machine learning  \nalgorithms are K- means clustering, neural networks. \nAnother machine learning concept which is extensively used in the field is Neural Networks.. \n3. Reinforcement Machine Learning Algorithms \nReinforcement Learning is a type of Machine Learning in which the machine is required to determine \nthe ideal behaviour within a specific context, in order to maximize its rewards. It works on the rewards']",R20A0518.,R20A0518,,0.5187314555844553,0.49999999995,
What are the three types of Machine Learning mentioned?,"['data. \n \nHow does Machine Learning Work? \n \nMachine Learning algorithm is trained using a training data set to create a model.   When new input \ndata is introduced to the ML algorithm, it makes a prediction on the basis of t he model.The prediction \nis evaluated for accuracy and if the accuracy is acceptable, the Machine Learning algorithm is \ndeployed. If the accuracy is not acceptable, the Machine Learning algorithm is  trained again and \nagain with an augmented raining data set \nTypes of Machine Learning \nMachine learning is sub-categorized to three types: \n \n\uf0b7 Supervised Learning – Train Me!\uf020\n\uf0b7 Unsupervised Learning – I amself sufficient in learning\uf020\n\uf0b7 Reinforcement Learning – My life My rules! (Hit & Trial)\uf020', 'DEPARTMENT OF CSE AY:2023-24 \nMACHINE LEARNING 3 \n \n \n \nClassification of Machine Learning Algorithms Machine Learning algorithms can be classified into: \n \n1. Supervised Algorithms – Linear Regression, Logistic Regression, Support Vector Machine (SVM), \nDecisionTrees, Random Forest \n2. Unsupervised Algorithms – K Means Clustering. \n3. Reinforcement Algorithm \n \n1. Supervised Machine Learning Algorithms \nIn this type of algorithm, the data set on which the machine is trained consists of labelled data or simply  \nsaid, consists both the input parameters as well as the required output. For example, classifying whether a  \nperson is a male or a female. Here male and female will be our labels and our training dataset will already  \nbe classified into the \n \n \ngiven labels based on  certain parameters  through which the  machine will learn these features and \npatterns andclassify some new input data based on the learning from this training data.', 'DEPARTMENT OF CSE AY:2023-24 \nMACHINE LEARNING 54 \n \n \n \nIntroduction to Convolution Neural Network \nIt      is       assumed       that       the       reader       knows       the       concept       of       Neural \nnetworks. When it comes to Machine Learning,  Artificial Neural Networks perform really  well. \nArtificial Neural Networks are used in various classification tasks l ike image, audio, words. Different  \ntypes of Neural Networks are used for different purposes, for example for predicting the sequence of  \nwords we use Recurrent Neural Networks more precisely an LSTM, similarly for image \nclassification we use Convolution Neural networks. In this blog, we are going    to       build a \nbasic building blockregular Neural Network there are three types of \n \n1. Input Layers: It’s the layer in which we give input to our model. The number of neurons in  \nthis layer  is equalto the total number of features in our  data (number of pixels  in the case of an  \nimage).', 'DEPARTMENT OF CSE AY:2023-24 \nMACHINE LEARNING 17 \n \n \n \nTypes of Cost Function \n \nDepending upon the given dataset, use case, problem, and purpose, there are primarily three types \nof cost functions as follows: \nRegression Cost Function \nIn simpler words, Regression in Machine Learning is the method of retrograding from ambiguous & \nhard-to-interpret data to a more explicit & meaningful model. \n It is a predictive modeling technique to examine the relationship between independent features and \ndependent outcomes.  \nThe Regression models operate on serial data or variables.  Therefore, they predict  continuous \noutcomes like weather forecasts, probability of loan approvals, car & home costs, the expected  \nemployees’ salary, etc. \nWhen the cost function deals with the problem statement of the Regression Model, it is known as  \nRegression Cost F unction. It computes the error as the distance between the actual output and the  \npredicted output.', 'DEPARTMENT OF CSE AY:2023-24 \nMACHINE LEARNING 4 \n \n \n \nblue etc. The graph of logistic regression consists of a non-linear sigmoid function which demonstrates the \nprobabilities of the variables. \n2. Unsupervised Machine Learning Algorithms \nUnlike supervised learning algorithms, where we deal with labelled data for training, the training data will be \nunlabelled for Unsupervised Machine Learning Algorithms. The clustering of data into a specific group will  \nbe doneon the basis of the similarities between the variables. Some of the unsupervised machine learning  \nalgorithms are K- means clustering, neural networks. \nAnother machine learning concept which is extensively used in the field is Neural Networks.. \n3. Reinforcement Machine Learning Algorithms \nReinforcement Learning is a type of Machine Learning in which the machine is required to determine \nthe ideal behaviour within a specific context, in order to maximize its rewards. It works on the rewards']","1. Supervised Learning  
2. Unsupervised Learning  
3. Reinforcement Learning","Supervised learning, Unsupervised learning, and Reinforcement learning",,0.9639387705472682,,
What formula is used for min-max normalization?,"[""Xn = (X - Xminimum) / ( Xmaximum - Xminimum) \no Xn = Value of Normalization \no Xmaximum = Maximum value of a feature \no Xminimum = Minimum value of a feature \n \nExample: Let's assume we have a model dataset having maximum and minimum values of feature as  \nmentioned above. To normalize the machine learning model, values are shifted and rescaled so their  \nrange can vary between 0 and 1. This technique is also known as Min-Max scaling. In this scaling"", ""the values of numeric columns in the dataset to use a common scale. It is not necessary for all datasets  \nin a model. It is required only when features of machine learning models have different ranges. \n \nAlthough Normalization is no mandate for all datasets available in machine learning, it is used  \nwhenever the attributes of the dataset have different ranges. It helps to enhance the performance an d \nreliability of a machine learning model. In this article, we will discuss in brief various Normalization  \ntechniques in machine learning, why it is used, examples of normalization in an ML model, and much  \nmore. So, let's start with the definition of Normalization in Machine Learning. \nMathematically, we can calculate normalization with the below formula: \nXn = (X - Xminimum) / ( Xmaximum - Xminimum) \no Xn = Value of Normalization \no Xmaximum = Maximum value of a feature \no Xminimum = Minimum value of a feature"", 'For the example discussed above, for Method 1 \n \nSplit Info = - ((4/7)*log2(4/7)) - ((3/7)*log2(3/7)) = 0.98 \nAnd Hence, \n \nGain Ratio = 0.09/0.98 = 0.092 \n \nGini Index \nThere is one more metric which can be used while building a decision tree is Gini Index (Gini Index  is \nmostly used in CART). Gini index measures the impurity of a data partition K, formula for Gini Index can be \nwritten down as: \nWhere m is the number of classes, and Pi is the probability that an observation in K belongs to the class. Gini \nIndex assumes a binary split for each of the attribute in S, let say T 1 & T2. The Gini index of K given this  \npartitioning is given by: \n \n \nWhich is nothing but a weighted sum of each of the impurities in split node s. The reduction in impurity is  \ngiven by:', 'DEPARTMENT OF CSE AY:2023-24 \nMACHINE LEARNING 1 \n \n \n \n \n \n \nUNIT-1 \nIntroduction: Introduction to Machine learning , Supervised learning, Unsupervised learning, \nReinforcementlearning. Deep learning. \nFeature Selection: Filter, Wrapper , Embedded methods. \nFeature Normalization:- min-max normalization, z -score normalization, and constant factor normalization  \nIntroduction to  Dimensionality Reduction :  Principal Component  Analysis(PCA), Linear Discriminant \nAnalysis(LDA) \n \nWhat is Machine Learning? \nMachine Learning is a concept which allows the machine to learn from examples and experience, and  \nthat too without being explicitly programmed. So instead of you writing the code, what you do is you  \nfeed data to the generic algorithm, and the algorithm/  machine builds the logic  based on the given  \ndata. \n \nHow does Machine Learning Work? \n \nMachine Learning algorithm is trained using a training data set to create a model.   When new input', 'DEPARTMENT OF CSE AY:2023-24 \nMACHINE LEARNING 32 \n \n \n \n \n \nYou can clearly observe that Method 1 (Based on lead actor) splits the data best while the second method  \n(Based on Genre) have produced mixed results. Decision Tree algorithms do similar things when it comes to  \nselect variables. \nThere are various metrics which decision trees use in order to find out the best split   variables. We’ll go  \nthrough them one by one and try to understand, what do they mean? \nEntropy & Information Gain \n \nThe word Entropy is borrowed from Thermodynamics which is a measure of variability or chaos or \nrandomness. Shannon extended the thermodynamic entropy concept in 1948 and introduced it into statistical  \nstudies and suggested the following formula for statistical entropy: \nWhere, H is the entropy in the system which is a measure of randomness. \nAssuming you are rolling a fair coin and want to know the Entropy of the system. As per the formula given by', 'errors. Here, Gradient Descent iteratively tweaks the model with optimal coefficients (parameters)  \nthat help to downsize the cost function . \n \nDecision Trees \n \nWhat is a Decision Tree? \nA decision tree is a non-parametric supervised learning algorithm for classification and \nregression tasks. It has a hierarchical tree structure consisting of a root node, branches, internal  \nnodes, and leaf nodes. Decision trees are used for classification and regression tasks, providing  \neasy-to-understand models. \n \nA decision tree is a hierarchical model used in decision support that depicts decisions and their  \npotential outcomes, incorporating chance events, resource expenses, and utility. This algorithmic \nGradient Descent is the productive optimization algorithm that minimizes the cost function and  \ngenerates the most promising results. The reason is its ability to ide ntify the slightest potential error \nin the model.']",\(X_{\text{norm}} = \dfrac{X - X_{\min}}{X_{\max} - X_{\min}}\),Xn = (X - Xminimum) / (Xmaximum - Xminimum),,0.9323644706218157,,
Who introduced the Principal Component Analysis method?,"['DEPARTMENT OF CSE AY:2023-24 \nMACHINE LEARNING 6 \n \n \n \nThe various methods used for dimensionality reduction include: \n\uf0b7 Principal Component Analysis (PCA)\uf020\n\uf0b7 Linear Discriminant Analysis (LDA)\uf020\n\uf0b7 Generalized Discriminant Analysis (GDA)\uf020\nDimensionality reduction may be both linear or non-linear, depending upon the method used. The \nprime linearmethod, cled Principal Component Analysis, or PCA, is discussed \nPrincipal Component Analysis \n \nThis method was introduced by Karl Pearson. It works on a condition that while the data in a higher  \ndimensional space is mapped to data in a lower dimension space, the variance of the d ata in the lower  \ndimensional space should be maximum. \nIt involves the following steps: \n\uf0b7 Construct the covariance matrix of the data.\uf020\n\uf0b7 Compute the eigenvectors of this matrix.\uf020\n\uf0b7 Eigenvectors corresponding to the largest eigenvalues are used to reconstruct a large fraction of \nvariance of theoriginal data.\uf020', '\uf0b7 We may not know how many principal components to keep- in practice, some thumb rules are applied.\uf020\n\uf0b7 Explain fold\uf020\n\uf0b7 based filtering\uf020\n \n3. Kernel Principal Component Analysis \n \nThere are a lot of machine learning problems which a nonlinear, and the use of nonlinear feature mappings  \ncan help to produce new features which make prediction problems linear.  In this section we will discuss the  \nfollowing idea: transformation of the dataset to a new higher-dimensional (in some cases infinite- \ndimensional) feature space and theuse of PCA in that space in order to produce uncorrelated features. Such a  \nmethod is called Kernel Principal Component Analysis or KPCA. \n \nLet us denote a covariance matrix in a new feature space as \n \n \n,', 'MALLA REDDY COLLEGE OF ENGINEERING AND TECHNOLOGY \nIII Year B.Tech. CSE- II Sem L/T/P/C \n3 -/-/3 \n(R20A0518) MACHINE LEARNING \nUNIT – I \nIntroduction: Introduction to Machine learning, Supervised learning, Unsupervised learning, \nReinforcement learning. Deep learning. \nFeature Selection: Filter, Wrapper, Embedded methods. \nFeature Normalization:- min-max normalization, z-score normalization, and constant factor \nnormalization \nIntroduction to Dimensionality Reduction: Principal Component Analysis (PCA), Linear \nDiscriminant Analysis (LDA) \nUNIT – II \nSupervised Learning – I (Regression/Classification) \nRegression models: Simple Linear Regression, multiple linear Regression. Cost Function, \nGradient Descent, Performance Metrics: Mean Absolute Error(MAE),Mean Squared \nError(MSE) R-Squared error, Adjusted R Square. \nClassification models: Decision Trees-ID3, CART, Naive Bayes, K-Nearest-Neighbours (KNN), \nLogistic Regression, Multinomial Logistic Regression', 'DEPARTMENT OF CSE AY:2023-24 \nMACHINE LEARNING 71 \n \n \n \n \no Association: An association rule is an unsupervised learning method which is used  \nfor finding the relationships between variables in the large database. It determines the set of items t hat \noccurs together in the dataset. Association rule makes marketing strategy more effective. Such as  \npeople who buy X item (suppose a bread) are also tend to purchase Y (Butter/Jam) item. A typical  \nexample of Association rule is Market Basket Analysis. \n \n \nUnsupervised Learning algorithms: \n \nBelow is the list of some popular unsupervised learning algorithms: \n \nK-means clustering of unsupervised learning can be understood by the below diagram: \n \no KNN (k-nearest neighbors) \no Hierarchal clustering \no Anomaly detection \no Neural Networks \no Principle Component Analysis \no Independent Component Analysis \no Apriori algorithm \no Unsupervised learning is used for more complex tasks as compared to']",Karl Pearson introduced Principal Component Analysis in 1901.,Karl Pearson,,0.9469978046035944,,
What are the two components of dimensionality reduction?,"['uses a template, etc. How ever, some of these features may overlap. In another condition, a classification  \nproblem that relies on both humidity and rainfall can be collapsed into just one underlying feature, since both \nof the aforementioned are correlated to a high degree. Hence, w e can reduce the number of features in such  \nproblems. A 3 -D classification problem can be hard to visualize, whereas a 2 -D one can be mapped to a  \nsimple 2 dimensional space, and a 1 -D problem to a simple line. The below figure illustrates this concept,  \nwhere a 3-D feature space is split into two 1-D feature spaces, and later, if found to be correlated, the number \nof features can be reduced even further \n \nComponents of Dimensionality Reduction \nThere are two components of dimensionality reduction: \n\uf0b7 Feature selection: In this, we try to find a subset of the original set of variables, or features, to \nget a smallersubset which can be used to model the problem. It usually involves three ways:\uf020', 'of features, the harder it gets to visualize the training set and then work on it. Sometimes,  most of \nthese features are correlated, and hence redundant. This is where dimensionality reduction algorithms  \ncome into play. Dimensionality reduction is the process of reducing the number of random variables  \nunder consideration, by obtaining a set of principal  variables. It can be divided into feature selection  \nand feature extraction. \n \nWhy is Dimensionality Reduction important in Machine Learning and Predictive Modeling? \nAn intuitive example of dimensionality reduction can be discussed through a simple e -mail classification \nproblem, where we need to classify whether the e -mail is spam or not. This can involve a large number of  \nfeatures, such as whether or not the e -mail has a generic title, the content of the e -mail, whether the e -mail \nuses a template, etc. How ever, some of these features may overlap. In another condition, a classification', 'shouldbe noted, that the number of nonlinear  principal components in the general case is infinite, but since  \nwe are computing the eigenvectors of a matrix, at maximum we can calculate nonlinear principal \ncomponents.', 'DEPARTMENT OF CSE AY:2023-24 \nMACHINE LEARNING 64 \n \n \n \nFeature selection. \n \nFeature selection or dimensionality reduction on data sets helps to \n\uf0b7 Either to improve models’ accuracy scoresor\uf020\n\uf0b7 To boost their performance on very high-dimensional data sets.\uf020\n \n \n \nEnsemble Algorithm \n \nA single algorithm may not make the perfect prediction for a given data set. Machine learning  \nalgorithms have their limitations and producing a model with high accuracy is challenging. If we  \nbuild and combine multiple models, we have the chance to boost the overall accuracy. We then  \nimplement the combination of models by aggregating the output from each model with two \nobjectives: \n \nWHAT ARE ENSEMBLE MODELS? \nEnsemble models are a machine learning approach to combine multiple other models in the \nprediction process.  These models are referred to as base estimators. Ensemble  models offer  a \nsolution to overcome the technical challenges of building a single estimator.\\']",Feature selection and feature extraction.,Feature selection and feature extraction,1.0,,0.99999999995,1.0
What does MAE stand for in performance metrics?,"['computes the absolute distance between the  actual output and predicted output and is insensitive to  \nanomalies. In addition, MAE does not penalize high errors caused by these anomalies. \nOverall, it effortlessly operates the dataset with any anomalies and predicts outcomes with better  \nprecision. \nHowever, MAE comes with the drawback of being non -differentiable at zero. Thus, fail to perform  \nwell in Loss Function Optimization Algorithms that involve differentiation to evaluate optimal  \ncoefficients. \niii. Mean Squared Error (MSE) \nMSE, also known as L2 Loss, is used most frequently and successfully improves the drawbacks of  \nboth ME  and MAE. It computes the “square” of the  distance between the  actual output  and \npredicted output, preventing negative error possibilities. \nDue to squaring errors, MSE penalizes high errors caused by the anomalies and is beneficial to Loss \nFunction Optimization Algorithms for evaluating optimal coefficients.', 'Regression Cost F unction. It computes the error as the distance between the actual output and the  \npredicted output. \nThe Regression Cost Functions are the simplest and fine -tuned for linear progression. The most  \ncommon among them are: \ni. Mean Error (ME) \nME is the  most straightforward approach and  acts as a foundation  for other  Regression Cost  \nFunctions. It computes the error for every training dataset and calculates the mean of all derived  \nerrors. \nME is usually not suggested because the error values are either positive or negative. During mean  \ncalculation, they cancel each other and give a zero-mean error outcome. \nii. Mean Absolute Error (MAE) \nMAE, also known as L1 Loss, overcomes the drawback of Means Error (ME) mentioned above. It  \ncomputes the absolute distance between the  actual output and predicted output and is insensitive to  \nanomalies. In addition, MAE does not penalize high errors caused by these anomalies.', 'the case of classification. It performs better for classification and regression tasks. \n \nWhat is Random forest \nA Random Forest is like a group decision -making team in machine learning. It combines the  \nopinions of many “trees” (individual models) to make better predictions, creating a more robust  \nand accurate overall model. \nWhat is Random Forest Algorithm? \nRandom Forest Algorithm widespread popularity stems from its user-friendly nature and \nadaptability, enabling it to tackle both classification and regression problems effectively. The  \nalgorithm’s strength lies in its ability to handle complex datasets and mitigate overfitting, making \nit a valuable tool for various predictive tasks in machine learning.', 'It includes various steps such as test  preparation, execution, and rigorous analysis of the results  \nto fine-tune and optimize the CV system. Therefore, understanding the time commitment \ninvolved in CV development is crucial for effectively leveraging its potential benefits. \n2. Additional computation translates to increased resource demands. Cross Validation is known for  \nits high computational expense, necess itating ample processing power. This results in the first  \ndrawback of extended time, which further inflates the budgetary requirements for an ML model \nproject. \n \nTwo Types of Cross-Validation  \n \nCross validation in machine learning is a crucial technique for evaluating the performance of predictive  \nmodels. It involves dividing the available data into multiple subsets, or folds, to train and test the model  \niteratively.Non-exhaustive methods, such as k -fold cross-validation, randomly partition the data into k']",Mean Absolute Error.MAE stands for **Mean Absolute Error**.,Mean Absolute Error,1.0,0.8627156541006396,0.49999999995,1.0
What is the name of the method used in Random Forest that combines multiple decision trees?,"['the case of classification. It performs better for classification and regression tasks. \n \nWhat is Random forest \nA Random Forest is like a group decision -making team in machine learning. It combines the  \nopinions of many “trees” (individual models) to make better predictions, creating a more robust  \nand accurate overall model. \nWhat is Random Forest Algorithm? \nRandom Forest Algorithm widespread popularity stems from its user-friendly nature and \nadaptability, enabling it to tackle both classification and regression problems effectively. The  \nalgorithm’s strength lies in its ability to handle complex datasets and mitigate overfitting, making \nit a valuable tool for various predictive tasks in machine learning.', 'DEPARTMENT OF CSE AY:2023-24 \nMACHINE LEARNING 67 \n \n \n \nOne of the most important features of the Random Forest Algorithm is that it can handle the data  \nset containing continuous variables, as in the case of regression, and categorical variables, as in \nthe case of classification. It performs better for classification and regression tasks. In this tutorial,  \nwe will understand the working of random forest and implement random forest on a \nclassification task. \n \nAs mentioned earlier, Random forest works on the Bagging principle. Now let’s dive in and  \nunderstand bagging in detail. \n \nSteps Involved in Random Forest Algorithm \n \n\uf0b7 Step 1: In the Random forest model, a subset of data points and a subset of features is selected  \nfor constructing each decision tree. Simply put, n random records and m features are taken from  \nthe data set having k number of records.\uf020\n\uf0b7 Step 2: Individual decision trees are constructed for each sample.\uf020', '\uf0b7 Run predictions on the entire dataset with the new model,\uf020\n\uf0b7 Create several models with each model aiming at correcting the errors generated by the previous one,\uf020\n\uf0b7 Obtain the final model by weighting the mean of all the models.\uf020\n \nRandom Forest Algorithm \n \nRandom Forest Algorithm widespread popularity stems from its user-friendly nature and \nadaptability, enabling it to tackle both classification and regression problems effectively. The  \nalgorithm’s strength lies in its ability to handle complex datasets and mitigate overfitting, making \nit a valuable tool for various predictive tasks in machine learning. \nOne of the most important features of the Random Forest Algorithm is that it can handle the data  \nset containing continuous variables, as in the case of regression, and categorical variables, as in \nthe case of classification. It performs better for classification and regression tasks. \n \nWhat is Random forest', 'DEPARTMENT OF CSE AY:2023-24 \nMACHINE LEARNING 65 \n \n \n \n \nBAGGING \n \nThe idea of bagging is based on making the training data available to an iterative learning process.  \nEach model learns the error produced by the previous model using a slightly different subset of the  \ntraining data set.  Bagging reduces variance and minimizes overfitting. One example of such a  \ntechnique is the random forest algorithm. \n \nBootstrap Aggregation (Bagging) \n \nThis technique is based on a bootstrapping sampling technique. Bootstrapping creates multiple sets  \nof the  original training  data with replacement. Replacement enables the duplication of sample  \ninstances in a set. Each subset has the same equal size and can be used to train models in parallel. \nThe method involves: \n\uf0b7 Creating multiple subsets from the original dataset with replacement,\uf020\n\uf0b7 Building a base model for each of the subsets,\uf020\n\uf0b7 Running all the models in parallel,\uf020']",Bagging — bootstrap aggregating of many decision trees.,Bagging (Bootstrap Aggregation),1.0,0.7028626250449727,0.499999999975,1.0
